RedditoAnnuo,IndicediSpesa
117000,60
107000,5
29000,68
121000,6
86000,96
35000,94
117000,47
136000,99
89000,55
102000,40
131000,52
114000,16
118000,13
145000,30
67000,19
16000,17
102000,63
52000,19
144000,92
35000,58
72000,55
36000,90
103000,90
63000,62
73000,23
29000,9
65000,12
122000,1
69000,58
78000,1
145000,34
65000,96
149000,48
35000,89
87000,1
32000,16
146000,61
103000,64
74000,63
28000,69
23000,22
104000,93
67000,67
144000,76
98000,26
106000,16
125000,51
22000,86
49000,57
95000,29
64000,78
118000,92
146000,69
16000,47
148000,94
68000,62
120000,69
18000,76
68000,16
58000,90
28000,90
109000,48
62000,85
29000,39
54000,100
96000,33
125000,94
67000,23
38000,10
138000,69
55000,100
29000,34
59000,52
79000,95
103000,10
85000,19
23000,58
102000,96
143000,1
77000,69
95000,4
47000,16
137000,24
19000,80
55000,2
42000,92
149000,32
86000,91
26000,84
47000,24
62000,12
76000,50
51000,35
113000,33
118000,33
49000,61
115000,51
145000,43
15000,12
19000,67
117000,65
41000,33
29000,40
104000,74
56000,43
138000,44
77000,29
110000,13
66000,12
110000,95
146000,46
43000,2
50000,35
27000,87
85000,81
100000,90
42000,8
80000,93
59000,26
76000,74
148000,90
42000,34
42000,7
122000,68
58000,58
98000,75
44000,29
89000,36
142000,89
106000,21
143000,36
135000,10
41000,73
135000,24
130000,64
17000,99
117000,49
76000,99
65000,36
73000,82
132000,96
110000,24
127000,23
76000,62
66000,96
26000,37
53000,12
144000,55
145000,13
127000,23
115000,89
127000,99
95000,30
127000,17
16000,62
144000,84
68000,89
101000,86
143000,13
140000,59
144000,19
67000,49
82000,100
137000,12
52000,61
38000,19
83000,76
130000,9
112000,71
111000,28
138000,78
84000,95
107000,52
17000,83
104000,16
110000,69
66000,99
142000,12
53000,25
96000,52
118000,85
143000,100
25000,53
56000,23
113000,16
21000,57
104000,39
126000,53
74000,42
127000,58
16000,39
143000,14
62000,95
51000,5
23000,35
113000,87
62000,93
145000,75
68000,18
134000,76
130000,9
89000,74
127000,58
118000,17
98000,7
126000,46
113000,13
107000,40
142000,42
124000,9
96000,50
68000,27
82000,66
47000,5
35000,29
62000,37
142000,38
149000,83
142000,8
47000,65
129000,86
133000,17
36000,71
52000,89
123000,45
65000,4
22000,36
41000,70
41000,31
35000,19
44000,61
111000,54
42000,39
125000,91
75000,74
62000,90
18000,19
49000,39
63000,67
31000,45
60000,13
131000,92
20000,58
113000,20
138000,92
51000,72
38000,61
107000,39
60000,1
109000,3
113000,77
130000,92
81000,62
142000,63
32000,25
39000,56
68000,33
72000,38
81000,6
118000,58
38000,44
128000,45
46000,32
100000,45
141000,61
144000,47
31000,21
118000,80
57000,85
53000,75
40000,36
113000,99
64000,19
27000,20
74000,57
149000,18
71000,47
50000,49
34000,14
79000,15
22000,31
129000,1
106000,54
112000,3
80000,16
46000,87
100000,57
65000,75
77000,12
139000,74
72000,96
72000,16
100000,72
63000,76
84000,24
29000,28
68000,8
115000,92
22000,36
67000,90
